use AUTOMOTORA;


INSERT INTO CLIENTE
    VALUES (34285174, 'Elton Tito', '1982-05-24','Montevideo', 'Nueva Palmira 1452', 24035268);
INSERT INTO CLIENTE
    VALUES (45287416, 'Susana Oria', '1984-4-13','Montevideo', '18 de Julio 1364', 23028574);
INSERT INTO CLIENTE
    VALUES (35871368, 'Elvis Nieto', '1980-4-5','Montevideo', 'Soriano 2354', 23024679);
INSERT INTO CLIENTE
    VALUES (47316458, 'Inés Esario', '1993-9-12','Montevideo', 'Cuareim 1240', 24058746);
INSERT INTO CLIENTE
    VALUES (53169854, 'Armando Bulla', '2000-8-15','Montevideo', 'Cerro Largo 2375', 24026579);

INSERT INTO SUCURSAL
    VALUES (1010, 'Centro', 'San José 1328');
INSERT INTO SUCURSAL
    VALUES (1011, 'Malvin', 'Av. Estanislao López 4608');
INSERT INTO SUCURSAL
    VALUES (1012, 'Prado', 'Av. Joaquín Suárez 3761');

INSERT INTO VEHICULO
    VALUES ('SAG3461', 'Fiat', 'Siena', 2021, 1011);
INSERT INTO VEHICULO
    VALUES ('SFH4385', 'Chevrolet', 'Corsa', 2018, 1010);
INSERT INTO VEHICULO
    VALUES ('SDF3985', 'Chevrolet', 'Spark', 2020, 1010);
INSERT INTO VEHICULO
    VALUES ('SDE1546', 'Fiat', 'Palio', 2022, 1011);
INSERT INTO VEHICULO
    VALUES ('SRG7652', 'Volkswagen', 'Amarok', 2022, 1012);
INSERT INTO VEHICULO
    VALUES ('SHT3348', 'Chevrolet', 'Corsa', 2020, 1011);
INSERT INTO VEHICULO
    VALUES ('SHF7625', 'Nissan', 'Versa', 2021, 1010);
INSERT INTO VEHICULO
    VALUES ('SHT4687', 'Nissan', 'Sentra', 2022, 1010);
INSERT INTO VEHICULO
    VALUES ('SFT4387', 'Hyunday', 'H1', 2022, 1012);
INSERT INTO VEHICULO
    VALUES ('SFD8547', 'Chevrolet', 'Spin', 2021,1012);
INSERT INTO VEHICULO
    VALUES ('SFG6175', 'Jac', 'Sunray', 2022, 1012);
INSERT INTO VEHICULO
    VALUES ('SGH7656', 'Mistsubishi', 'L300',2010, 1012);

INSERT INTO AUTOS
    VALUES ('SAG3461', 4);
INSERT INTO AUTOS
    VALUES ('SFH4385', 5);
INSERT INTO AUTOS
    VALUES ('SDF3985', 5);
INSERT INTO AUTOS
    VALUES ('SDE1546', 5);
INSERT INTO AUTOS
    VALUES ('SRG7652', 4);
INSERT INTO AUTOS
    VALUES ('SHT3348', 4);
INSERT INTO AUTOS
    VALUES ('SHF7625', 4);
INSERT INTO AUTOS
    VALUES ('SHT4687', 4);

INSERT INTO CAMIONETA
    VALUES ('SFT4387', 9);
INSERT INTO CAMIONETA
    VALUES ('SFD8547', 5);
INSERT INTO CAMIONETA
    VALUES ('SFG6175', 12);
INSERT INTO CAMIONETA
    VALUES ('SGH7656', 8);


INSERT INTO FUNCIONARIO
    VALUES (1246, 'Aitor Menta', 'Cornelio Cantera 2947', 23054614, 'amenta@gmail.com', 2015, 35000, 1010);
INSERT INTO FUNCIONARIO
    VALUES (1247, 'Mary Conazo', 'Democracia 2350', 24153671, 'marycd@hotmail.com', 2013, 38000, 1011);
INSERT INTO FUNCIONARIO
    VALUES (1248, 'Evelin Munda', 'Guadalupe 2201', 22138247, 'evelinmunda37@gmail.com', 2015, 35000,1011);
INSERT INTO FUNCIONARIO
    VALUES (1249, 'Elmer Curio', 'Dr. Carlos Maria Prando 2386', 24024385, 'ec145@adinet.com.uy', 2017,28.500, 1012);
INSERT INTO FUNCIONARIO
    VALUES (1250, 'Armando Casas', 'Marcos Sastre 2504', 22037658, 'casasarmando@gmail.com', 2019,26000, 1010);
INSERT INTO FUNCIONARIO
    VALUES (1251, 'Jorge Nitales', 'Horacio Areco 3603', 23054978, 'jorgenr@gmail.com', 2022, 24000, 1012);
    
INSERT INTO ALQUILERES
    VALUES ('SDF3985', 45287416, '2022-5-15', '2022-5-19');
INSERT INTO ALQUILERES
    VALUES ('SRG7652', 35871368, '2022-5-20', '2022-5-27');
INSERT INTO ALQUILERES
    VALUES ('SHT3348', 34285174, '2022-6-13', '2022-6-15');
INSERT INTO ALQUILERES
    VALUES ('SFD8547', 53169854, '2022-6-16', '2022-6-20');
INSERT INTO ALQUILERES
    VALUES ('SFH4385', 47316458, '2022-7-4', '2022-7-10');
INSERT INTO ALQUILERES
    VALUES ('SRG7652', 35871368, '2022-8-8', '2022-8-11');

INSERT INTO VENTAS
    VALUES ('SDF3985', 45287416, '2022-5-15', 1246);
INSERT INTO VENTAS
    VALUES ('SRG7652', 35871368, '2022-5-20', 1251);
INSERT INTO VENTAS
    VALUES ('SHT3348', 34285174, '2022-6-13', 1247);
INSERT INTO VENTAS
    VALUES ('SFD8547', 53169854, '2022-6-16', 1249);
INSERT INTO VENTAS
    VALUES ('SFH4385', 47316458, '2022-7-4', 1250);
INSERT INTO VENTAS
    VALUES ('SRG7652', 35871368, '2022-8-8', 1249);